[{"model": "sessions.session", "pk": "j5iywt7n9i1jr8sayb5nt5g2no0t8udy", "fields": {"session_data": ".eJxVjEEOgjAURO_StWnKL9DWpXvP0PQzvxY1kFBYGe-uJCx0O--9eamYtrXErcoSR6izsur0u3EaHjLtAPc03WY9zNO6jKx3RR-06usMeV4O9--gpFq-tc8ZQGvEMxjkgvO2h-sNM9mhoQadiIDJSG-RhbogrRfnMgKF5NX7AxFFON8:1v3EXg:mysE0wMc9Vhv1lAESBrEtpgRWa8If_qjX7WDsKl202Q", "expire_date": "2025-10-13T14:07:52.303Z"}}, {"model": "sessions.session", "pk": "rsups869j5cefviarr6tss86jg4rwevb", "fields": {"session_data": ".eJxVjDsOwjAQBe_iGlmOs_5R0nMGazf24gCypTipEHeHSCmgfTPzXiLitpa49bzEOYmzAHH63QinR647SHestyanVtdlJrkr8qBdXlvKz8vh_h0U7OVbG2c9jBoJBoNsVA5K8wAAwVvyKjnIkCYC1EmNiDagAWavUHNgR0G8P8YIN6g:1vFrVy:eS8HzbUHWGAjq43zFGH3vxq8awL7btPQB2WvfUQjITw", "expire_date": "2025-11-17T10:10:18.705Z"}}, {"model": "core.alertrecipient", "pk": 5, "fields": {"message": 12, "parent": 5, "status": "sent", "provider_message_id": null, "provider_status": null, "sent_at": "2025-11-03T09:14:52.714Z", "error_message": ""}}, {"model": "core.alertrecipient", "pk": 6, "fields": {"message": 12, "parent": 6, "status": "sent", "provider_message_id": null, "provider_status": null, "sent_at": "2025-11-03T09:14:52.714Z", "error_message": ""}}, {"model": "core.alertrecipient", "pk": 7, "fields": {"message": 12, "parent": 7, "status": "sent", "provider_message_id": null, "provider_status": null, "sent_at": "2025-11-03T09:14:52.714Z", "error_message": ""}}, {"model": "core.alertrecipient", "pk": 8, "fields": {"message": 12, "parent": 8, "status": "sent", "provider_message_id": null, "provider_status": null, "sent_at": "2025-11-03T09:14:52.714Z", "error_message": ""}}, {"model": "core.alertrecipient", "pk": 9, "fields": {"message": 12, "parent": 9, "status": "sent", "provider_message_id": null, "provider_status": null, "sent_at": "2025-11-03T09:14:52.714Z", "error_message": ""}}, {"model": "core.alertrecipient", "pk": 10, "fields": {"message": 13, "parent": 10, "status": "sent", "provider_message_id": null, "provider_status": null, "sent_at": "2025-11-25T15:27:42.005Z", "error_message": ""}}, {"model": "core.alertrecipient", "pk": 11, "fields": {"message": 14, "parent": 11, "status": "sent", "provider_message_id": "f5cc9b64-42e1-4e7f-ac6e-4f0a1d7b5065", "provider_status": null, "sent_at": "2025-12-05T15:09:04.263Z", "error_message": ""}}, {"model": "core.alertrecipient", "pk": 12, "fields": {"message": 14, "parent": 12, "status": "sent", "provider_message_id": "dec8fcf6-d179-40b8-984a-e296d6168276", "provider_status": null, "sent_at": "2025-12-05T15:09:04.895Z", "error_message": ""}}, {"model": "core.alertrecipient", "pk": 13, "fields": {"message": 15, "parent": 11, "status": "sent", "provider_message_id": "fc3db1fb-e465-403a-a85b-f2941855a932", "provider_status": null, "sent_at": "2025-12-05T15:09:28.345Z", "error_message": ""}}, {"model": "core.alertrecipient", "pk": 14, "fields": {"message": 15, "parent": 12, "status": "sent", "provider_message_id": "d7184568-85b4-42c8-ae3b-a7da42d25c2a", "provider_status": null, "sent_at": "2025-12-05T15:09:28.960Z", "error_message": ""}}, {"model": "core.alertrecipient", "pk": 15, "fields": {"message": 16, "parent": 11, "status": "sent", "provider_message_id": "5eeadb97-84dd-4727-83d5-244a5932250b", "provider_status": null, "sent_at": "2025-12-05T15:14:48.772Z", "error_message": ""}}, {"model": "core.alertrecipient", "pk": 16, "fields": {"message": 16, "parent": 12, "status": "sent", "provider_message_id": "feeb20bb-8db0-48c1-97cd-299292b46b17", "provider_status": null, "sent_at": "2025-12-05T15:14:49.254Z", "error_message": ""}}, {"model": "core.alertrecipient", "pk": 17, "fields": {"message": 17, "parent": 11, "status": "sent", "provider_message_id": "004009f9-f591-478c-a45a-e84e30b9b35f", "provider_status": null, "sent_at": "2025-12-05T15:28:18.574Z", "error_message": ""}}, {"model": "core.alertrecipient", "pk": 18, "fields": {"message": 17, "parent": 12, "status": "sent", "provider_message_id": "4a9fe2c1-d7ef-4bef-89c5-1806610d5359", "provider_status": null, "sent_at": "2025-12-05T15:28:19.087Z", "error_message": ""}}, {"model": "core.alertrecipient", "pk": 19, "fields": {"message": 17, "parent": 13, "status": "sent", "provider_message_id": "58bae536-8336-4f0f-899c-b38d4a4a2653", "provider_status": null, "sent_at": "2025-12-05T15:28:19.708Z", "error_message": ""}}, {"model": "core.alertrecipient", "pk": 20, "fields": {"message": 18, "parent": 11, "status": "sent", "provider_message_id": "2de8fd4e-6bad-459e-933b-6aff3177f9ad", "provider_status": null, "sent_at": "2025-12-05T15:34:52.901Z", "error_message": ""}}, {"model": "core.alertrecipient", "pk": 21, "fields": {"message": 18, "parent": 12, "status": "sent", "provider_message_id": "d2633abd-42de-4778-853b-8574ac546db9", "provider_status": null, "sent_at": "2025-12-05T15:34:53.414Z", "error_message": ""}}, {"model": "core.alertrecipient", "pk": 22, "fields": {"message": 18, "parent": 13, "status": "sent", "provider_message_id": "57705838-425f-4c23-9f1a-c667f2dc1742", "provider_status": null, "sent_at": "2025-12-05T15:34:53.925Z", "error_message": ""}}, {"model": "core.school", "pk": 1, "fields": {"name": "Tribecca Edu Complex", "logo": "school_logos/badeg_AHaNdfw.jpeg", "primary_color": "#090b47", "secondary_color": "#090b47", "slug": null, "clicksend_username": null, "clicksend_api_key": null, "sender_id": null, "twilio_account_sid": "MG5732460a25256f8e37722daae7adf084", "twilio_auth_token": "4fb9deba5dab7f8b158739691ba85b95", "twilio_phone_number": "+14195154886", "created_at": "2025-09-29T12:24:56.963Z"}}, {"model": "core.school", "pk": 2, "fields": {"name": "Demo School", "logo": "", "primary_color": "#0d6efd", "secondary_color": "#6c757d", "slug": "demo-school", "clicksend_username": null, "clicksend_api_key": null, "sender_id": null, "twilio_account_sid": null, "twilio_auth_token": null, "twilio_phone_number": null, "created_at": "2025-11-03T09:14:40.250Z"}}, {"model": "core.school", "pk": 3, "fields": {"name": "Default School", "logo": "", "primary_color": "#000000", "secondary_color": "#FFFFFF", "slug": "default-school", "clicksend_username": null, "clicksend_api_key": null, "sender_id": null, "twilio_account_sid": null, "twilio_auth_token": null, "twilio_phone_number": null, "created_at": "2025-11-25T15:27:41.202Z"}}, {"model": "core.user", "fields": {"password": "pbkdf2_sha256$1000000$RSGU7i0QbOxFq1Zv0v4K58$FWZqYpOQnLMWkNqPxi+RnMHwBRw6CNzV0NY80aeZolE=", "last_login": null, "is_superuser": true, "username": "superadmin", "first_name": "", "last_name": "", "email": "kwame@cedcast.com", "is_staff": true, "is_active": true, "date_joined": "2025-12-06T06:27:51.949Z", "role": "super_admin", "school": null, "organization": null, "groups": [], "user_permissions": []}}, {"model": "core.parent", "pk": 3, "fields": {"school": 1, "name": "Akosua Pinamang", "phone_number": "+233530422137", "fee_status": "paid", "created_at": "2025-09-29T13:45:16.482Z"}}, {"model": "core.parent", "pk": 4, "fields": {"school": 1, "name": "Collins Appiah", "phone_number": "+233558876737", "fee_status": "paid", "created_at": "2025-09-29T13:45:48.754Z"}}, {"model": "core.parent", "pk": 5, "fields": {"school": 2, "name": "Parent 1", "phone_number": "+233501234501", "fee_status": "paid", "created_at": "2025-11-03T09:14:41.056Z"}}, {"model": "core.parent", "pk": 6, "fields": {"school": 2, "name": "Parent 2", "phone_number": "+233501234502", "fee_status": "paid", "created_at": "2025-11-03T09:14:41.205Z"}}, {"model": "core.parent", "pk": 7, "fields": {"school": 2, "name": "Parent 3", "phone_number": "+233501234503", "fee_status": "paid", "created_at": "2025-11-03T09:14:41.339Z"}}, {"model": "core.parent", "pk": 8, "fields": {"school": 2, "name": "Parent 4", "phone_number": "+233501234504", "fee_status": "paid", "created_at": "2025-11-03T09:14:41.448Z"}}, {"model": "core.parent", "pk": 9, "fields": {"school": 2, "name": "Parent 5", "phone_number": "+233501234505", "fee_status": "paid", "created_at": "2025-11-03T09:14:41.580Z"}}, {"model": "core.parent", "pk": 10, "fields": {"school": 3, "name": "Auto Test Recipient", "phone_number": "+233501225489", "fee_status": "paid", "created_at": "2025-11-25T15:27:41.277Z"}}, {"model": "core.parent", "pk": 11, "fields": {"school": 3, "name": "Auto Test Recipient 1", "phone_number": "+233558876737", "fee_status": "paid", "created_at": "2025-12-05T15:09:02.766Z"}}, {"model": "core.parent", "pk": 12, "fields": {"school": 3, "name": "Auto Test Recipient 2", "phone_number": "+233593033895", "fee_status": "paid", "created_at": "2025-12-05T15:09:04.350Z"}}, {"model": "core.parent", "pk": 13, "fields": {"school": 3, "name": "Auto Test Recipient 3", "phone_number": "+233530422137", "fee_status": "paid", "created_at": "2025-12-05T15:28:19.150Z"}}, {"model": "core.ward", "pk": 1, "fields": {"school": 2, "parent": 5, "name": "Student 1", "student_class": "JHS2", "created_at": "2025-11-03T09:14:41.129Z"}}, {"model": "core.ward", "pk": 2, "fields": {"school": 2, "parent": 6, "name": "Student 2", "student_class": "JHS3", "created_at": "2025-11-03T09:14:41.272Z"}}, {"model": "core.ward", "pk": 3, "fields": {"school": 2, "parent": 7, "name": "Student 3", "student_class": "JHS2", "created_at": "2025-11-03T09:14:41.380Z"}}, {"model": "core.ward", "pk": 4, "fields": {"school": 2, "parent": 8, "name": "Student 4", "student_class": "JHS3", "created_at": "2025-11-03T09:14:41.513Z"}}, {"model": "core.ward", "pk": 5, "fields": {"school": 2, "parent": 9, "name": "Student 5", "student_class": "JHS2", "created_at": "2025-11-03T09:14:41.646Z"}}, {"model": "core.message", "pk": 1, "fields": {"school": 1, "content": "PTA is next Monday at 15:00pm at the school premises.", "scheduled_time": "2025-09-29T12:46:18Z", "sent": true, "created_at": "2025-09-29T12:46:26.198Z", "created_by": null}}, {"model": "core.message", "pk": 2, "fields": {"school": 1, "content": "PTA is due next week", "scheduled_time": "2025-09-29T09:05:00Z", "sent": true, "created_at": "2025-09-29T13:05:57.125Z", "created_by": null}}, {"model": "core.message", "pk": 3, "fields": {"school": 1, "content": "PTA is next week 11th October02025", "scheduled_time": "2025-09-29T15:30:09Z", "sent": true, "created_at": "2025-09-29T13:30:31.038Z", "created_by": null}}, {"model": "core.message", "pk": 4, "fields": {"school": 1, "content": "PTA is due next week", "scheduled_time": "2025-09-29T09:35:00Z", "sent": true, "created_at": "2025-09-29T13:34:13.774Z", "created_by": null}}, {"model": "core.message", "pk": 5, "fields": {"school": 1, "content": "PTA is due next week", "scheduled_time": "2025-09-29T13:37:00Z", "sent": true, "created_at": "2025-09-29T13:35:45.839Z", "created_by": null}}, {"model": "core.message", "pk": 6, "fields": {"school": 1, "content": "PTA is due next week", "scheduled_time": "2025-09-29T13:37:00Z", "sent": true, "created_at": "2025-09-29T13:36:48.154Z", "created_by": null}}, {"model": "core.message", "pk": 7, "fields": {"school": 1, "content": "PTA is due next week", "scheduled_time": "2025-09-29T13:37:00Z", "sent": true, "created_at": "2025-09-29T13:37:20.904Z", "created_by": null}}, {"model": "core.message", "pk": 8, "fields": {"school": 1, "content": "PTA is due next week", "scheduled_time": "2025-09-29T13:37:00Z", "sent": true, "created_at": "2025-09-29T13:38:21.311Z", "created_by": null}}, {"model": "core.message", "pk": 9, "fields": {"school": 1, "content": "PTA is due next week", "scheduled_time": "2025-09-29T13:47:00Z", "sent": true, "created_at": "2025-09-29T13:47:04.849Z", "created_by": null}}, {"model": "core.message", "pk": 10, "fields": {"school": 1, "content": "PTA is due next week", "scheduled_time": "2025-09-29T13:47:00Z", "sent": true, "created_at": "2025-09-29T13:48:07.189Z", "created_by": null}}, {"model": "core.message", "pk": 11, "fields": {"school": 1, "content": "PTA is due next week", "scheduled_time": "2025-09-29T13:47:00Z", "sent": true, "created_at": "2025-09-29T13:48:21.499Z", "created_by": null}}, {"model": "core.message", "pk": 12, "fields": {"school": 2, "content": "Reminder: PTA meeting tomorrow at 10 AM.", "scheduled_time": "2025-11-03T09:13:41.689Z", "sent": true, "created_at": "2025-11-03T09:14:41.689Z", "created_by": null}}, {"model": "core.message", "pk": 13, "fields": {"school": 3, "content": "Test message from School Alert System", "scheduled_time": "2025-11-25T15:27:41.326Z", "sent": true, "created_at": "2025-11-25T15:27:41.327Z", "created_by": null}}, {"model": "core.message", "pk": 14, "fields": {"school": 3, "content": "Dear Parent/Guardian, school reopens on 15 January 2026. Please ensure your child's uniform is ready for the start of term. — Default School", "scheduled_time": "2025-12-05T15:09:02.690Z", "sent": false, "created_at": "2025-12-05T15:09:02.691Z", "created_by": null}}, {"model": "core.message", "pk": 15, "fields": {"school": 3, "content": "Dear Parent/Guardian, school reopens on 15 January 2026. Please ensure your child's uniform is ready for the start of term. — Default School", "scheduled_time": "2025-12-05T15:09:27.720Z", "sent": false, "created_at": "2025-12-05T15:09:27.720Z", "created_by": null}}, {"model": "core.message", "pk": 16, "fields": {"school": 3, "content": "Dear Parent/Guardian, school reopens on 15 January 2026. Please ensure your child's uniform is ready for the start of term. — Default School", "scheduled_time": "2025-12-05T15:14:47.880Z", "sent": true, "created_at": "2025-12-05T15:14:47.880Z", "created_by": null}}, {"model": "core.message", "pk": 17, "fields": {"school": 3, "content": "Dear Parent/Guardian, school reopens on 15 January 2026. Please ensure your child's uniform is ready for the start of term. — Default School", "scheduled_time": "2025-12-05T15:28:17.946Z", "sent": true, "created_at": "2025-12-05T15:28:17.947Z", "created_by": null}}, {"model": "core.message", "pk": 18, "fields": {"school": 3, "content": "Test: Default School — Please ignore this message. This is a short delivery test to check message routing.", "scheduled_time": "2025-12-05T15:34:52.312Z", "sent": true, "created_at": "2025-12-05T15:34:52.312Z", "created_by": null}}, {"model": "core.orgmessage", "pk": 1, "fields": {"organization": 1, "content": "Promo: 10% off all prescriptions this week.", "scheduled_time": "2025-11-03T10:26:07.986Z", "sent": true, "created_at": "2025-11-03T10:27:07.986Z", "created_by": null}}, {"model": "core.orgalertrecipient", "pk": 1, "fields": {"message": 1, "contact": 1, "status": "sent", "sent_at": "2025-11-03T10:27:23.531Z", "error_message": "", "provider_message_id": null, "provider_status": null, "retry_count": 0, "last_retry_at": null}}, {"model": "core.orgalertrecipient", "pk": 2, "fields": {"message": 1, "contact": 2, "status": "sent", "sent_at": "2025-11-03T10:27:23.531Z", "error_message": "", "provider_message_id": null, "provider_status": null, "retry_count": 0, "last_retry_at": null}}, {"model": "core.orgalertrecipient", "pk": 3, "fields": {"message": 1, "contact": 3, "status": "sent", "sent_at": "2025-11-03T10:27:23.531Z", "error_message": "", "provider_message_id": null, "provider_status": null, "retry_count": 0, "last_retry_at": null}}, {"model": "core.orgalertrecipient", "pk": 4, "fields": {"message": 1, "contact": 4, "status": "sent", "sent_at": "2025-11-03T10:27:23.531Z", "error_message": "", "provider_message_id": null, "provider_status": null, "retry_count": 0, "last_retry_at": null}}, {"model": "core.orgalertrecipient", "pk": 5, "fields": {"message": 1, "contact": 5, "status": "sent", "sent_at": "2025-11-03T10:27:23.531Z", "error_message": "", "provider_message_id": null, "provider_status": null, "retry_count": 0, "last_retry_at": null}}, {"model": "core.organization", "pk": 1, "fields": {"name": "Demo Pharmacy", "org_type": "pharmacy", "slug": "demo-pharmacy", "logo": "", "primary_color": "#0d6efd", "secondary_color": "#6c757d", "clicksend_username": null, "clicksend_api_key": null, "sender_id": null, "created_at": "2025-11-03T10:27:06.783Z"}}, {"model": "core.contact", "pk": 1, "fields": {"organization": 1, "name": "Customer 1", "phone_number": "+233551234501", "created_at": "2025-11-03T10:27:06.855Z"}}, {"model": "core.contact", "pk": 2, "fields": {"organization": 1, "name": "Customer 2", "phone_number": "+233551234502", "created_at": "2025-11-03T10:27:06.895Z"}}, {"model": "core.contact", "pk": 3, "fields": {"organization": 1, "name": "Customer 3", "phone_number": "+233551234503", "created_at": "2025-11-03T10:27:06.944Z"}}, {"model": "core.contact", "pk": 4, "fields": {"organization": 1, "name": "Customer 4", "phone_number": "+233551234504", "created_at": "2025-11-03T10:27:07.012Z"}}, {"model": "core.contact", "pk": 5, "fields": {"organization": 1, "name": "Customer 5", "phone_number": "+233551234505", "created_at": "2025-11-03T10:27:07.078Z"}}]